MAE,MSE,RMSE,R²,MedAE,预测偏差率(%),预测标准差,误差P5,误差P25,误差P50,误差P75,误差P95
507.6843941198539,431346.94878412347,656.7700882227535,0.9103524035700409,412.1886102285771,-0.18628357024298184,654.0308087156275,-1153.3116140249133,-479.2615800813933,-73.9354727832233,350.0617479547939,922.1337637420786
